,loss,sparse_categorical_accuracy,val_loss,val_sparse_categorical_accuracy
0,0.38402581214904785,0.9724512696266174,0.3869968056678772,0.9954065084457397
1,0.1613752394914627,0.9984226226806641,0.09407515823841095,0.9981183409690857
2,0.09404750168323517,0.9995295405387878,0.06501398235559464,0.9999446272850037
3,0.05893624573945999,0.9995572566986084,0.06508956104516983,0.998893141746521
4,0.03631366044282913,0.9997509121894836,0.016401775181293488,0.9998893141746521
