,loss,sparse_categorical_accuracy,val_loss,val_sparse_categorical_accuracy
0,0.3720010221004486,0.9754258394241333,0.2795223891735077,0.9976754188537598
1,0.1566455066204071,0.9986993670463562,0.20212572813034058,0.9978968501091003
2,0.09329762309789658,0.9992805123329163,0.06918852776288986,0.9988377094268799
3,0.05633074417710304,0.9998201131820679,0.04408622160553932,0.9995018839836121
4,0.03560244292020798,0.9998893141746521,0.02155393175780773,0.9996679425239563
